,headline,tags,timestamp,year,month,day,hour,minute
0,'90 Day Fiancé' Jesse Meester I Didn't Forget About You Joe Exotic!!! ... But Don't Count on a Pardon.,"['Joe Biden', 'Joe Exotic', 'TLC', 'Netflix', 'Reality TV', 'White House', 'Crime', 'Politix', 'Exclusive']",8/12/2022 12:30 AM,2022.0,8.0,12.0,0.0,30.0
1,"Yasiel Puig Korea Now, MLB Return Next??? ... That's The Goal!!!","['Yasiel Puig', 'Los Angeles Dodgers', 'You Might Want to Rethink', 'TMZ Sports', 'Exclusive', 'MLB', 'Baseball']",8/12/2022 12:15 AM,2022.0,8.0,12.0,0.0,15.0
2,Guess Who This Golden Girl Turned Into!,"['Memba Them', 'Kids', 'Photo Galleries']",8/12/2022 12:01 AM,2022.0,8.0,12.0,0.0,1.0
3,Anne Heche Not Expected to Survive ... Suffered Severe Brain Injury.,[],8/11/2022 8:36 PM,2022.0,8.0,11.0,20.0,36.0
4,Donald Trump FBI Searched For Docs On Nukes ... In Raid at Mar-a-Lago.,"['Donald Trump', 'Melania Trump', 'President Trump', 'Crime', 'Politix', 'Controversial S#!T', 'Fairly Legal', 'Stars In Heat', 'Police']",8/11/2022 5:34 PM,2022.0,8.0,11.0,17.0,34.0
5,"Kim Kardashian Hit Me with Your Best Shot! No, Not that One!!!","['Kim Kardashian', 'Kylie Jenner', 'Family', 'Reality TV', 'Birthdays', 'Party All The Time', 'Drugs & Alcohol', 'The Kardashians']",8/11/2022 4:07 PM,2022.0,8.0,11.0,16.0,7.0
6,Kobe Bryant Photo Trial Bartender Laughed After Seeing Pics ... Bar Employee Denies.,"['Kobe Bryant', 'Vanessa Bryant', 'RIP', 'TMZ Sports', 'NBA', 'Los Angeles Lakers', 'Fairly Legal']",8/11/2022 3:07 PM,2022.0,8.0,11.0,15.0,7.0
7,Michelle Branch Splits with Husband.,"['Patrick Carney', 'Exclusive Details', 'Relationships', 'celebrity kids', 'Couples', 'Celebrity Divorce', 'Music']",8/11/2022 2:50 PM,2022.0,8.0,11.0,14.0,50.0
8,Marshawn Lynch Arrest Video Cops Forcibly Removed Ex-NFL Star From Car ... 'No More Games Today',"['Marshawn Lynch', 'Crime & Arrests', 'Seattle Seahawks', 'TMZ Sports', 'Drugs & Alcohol', 'Controversial S#!T', 'Stars In Heat', 'Football', 'NFL']",8/11/2022 1:23 PM,2022.0,8.0,11.0,13.0,23.0
9,OF MODEL COURTNEY TAILOR Cops Say Security Video Shows Her Attacking BF Months Before His Murder.,"['RIP', 'Crime & Arrests', 'Relationships', 'Models']",8/11/2022 1:15 PM,2022.0,8.0,11.0,13.0,15.0
10,Anne Heche Under the Influence of Cocaine at time of Crash  ... Condition is Dire.,"['Anne Heche', 'Movies', 'Car Crashes', 'Drugs & Alcohol', 'Health', 'Police']",8/11/2022 10:51 AM,2022.0,8.0,11.0,10.0,51.0
11,Marshawn Lynch Told Cops He Stole Car During Arrest ... Police Say.,"['Marshawn Lynch', 'Hot Vegas', 'DUI', 'Car Crashes', 'TMZ Sports', 'Drugs & Alcohol', 'Exclusive', 'Fairly Legal', 'Football', 'NFL']",8/11/2022 10:20 AM,2022.0,8.0,11.0,10.0,20.0
12,Britney Spears Lawyer Rips K-Fed In Feud Over Kids ... Stop Bullying Britney!!!,"['Britney Spears', 'Kevin Federline', 'Jayden James', 'Sean Preston', 'celebrity kids', 'Hollywood Exes', 'Instagram', 'Music', 'Fairly Legal', 'Celebrity Feuds']",8/11/2022 9:50 AM,2022.0,8.0,11.0,9.0,50.0
13,Lamar Odom I Got My Instagram Back!!! ... After HQ Visit.,"['Lamar Odom', 'TMZ Sports', 'Basketball', 'NBA', 'Instagram']",8/11/2022 8:49 AM,2022.0,8.0,11.0,8.0,49.0
14,Tommy Lee Full Frontal Nude Honk If You Like it!!!,"['Tommy Lee', 'Pamela Anderson', 'Instagram', 'Controversial S#!T', 'Music', 'Motley Crue']",8/11/2022 7:02 AM,2022.0,8.0,11.0,7.0,2.0
15,"Madonna Gets Groovy, Baby At Roller Skate Disco Party.","['Madonna', 'Family', 'Kids', 'Exclusive', 'Music']",8/11/2022 6:57 AM,2022.0,8.0,11.0,6.0,57.0
16,Jason Oppenheim I've Got a New Super Hot Model GF!!!,"['Jason Oppenheim', 'Netflix', 'Reality TV', 'Relationships', 'Dating', 'Hollywood Exes', 'Models']",8/11/2022 6:51 AM,2022.0,8.0,11.0,6.0,51.0
17,Iraqi Actress Enas Taleb How Dare You Use My Photo in Story About 'Fat' Women.,"['Movies', 'Dating', 'Controversial S#!T', 'Fairly Legal', 'Weight Loss & Weight Gain']",8/11/2022 6:36 AM,2022.0,8.0,11.0,6.0,36.0
18,Beto O'Rourke Calls Abbott Supporter 'Mother F****r' For Laughing About Uvalde Shooting.,"[""Beto O'Rourke"", 'Weapons & Guns', 'Kids', 'Politix', 'Controversial S#!T', 'Fairly Legal']",8/11/2022 6:23 AM,2022.0,8.0,11.0,6.0,23.0
19,"Karl-Anthony Towns, Jordyn Woods Jewelry Shopping In Italy ... Are Those Diamond Rings?!?","['Karl-Anthony Towns', 'Jordyn Woods', 'Bling!', 'TMZ Sports', 'Basketball', 'Couples', 'NBA', 'Tying The Knot', 'Exclusive', 'Vacations']",8/11/2022 6:09 AM,2022.0,8.0,11.0,6.0,9.0
20,"Britney Spears Kids Are Angry at Her ... Haven't Communicated in 5 Months, K-Fed Lawyer.","['Britney Spears', 'Kevin Federline', 'Relationships', 'Kids', 'Hollywood Exes', 'Exclusive', 'Music', 'Fairly Legal']",8/11/2022 1:00 AM,2022.0,8.0,11.0,1.0,0.0
21,'Batman' Stuntman Dave Lea Dead At 67.,"['Sylvester Stallone', 'Michael Keaton', 'RIP', 'Batman', 'Movies', 'Exclusive']",8/11/2022 12:40 AM,2022.0,8.0,11.0,0.0,40.0
22,"Drake This 'Honestly, Nevermind' Painting Is Legit, I Found My New IG Profile Pic!!!","['Drake', 'Hip Hop', 'Instagram', 'Exclusive', 'Music']",8/11/2022 12:25 AM,2022.0,8.0,11.0,0.0,25.0
23,Nurse Olivia Harper In 'Grey's Anatomy' 'Memba Her?!,"['Patrick Dempsey', 'Ellen Pompeo', 'ABC', 'Memba Them', 'Photo Galleries']",8/11/2022 12:01 AM,2022.0,8.0,11.0,0.0,1.0
24,Kevin Federline Posts Videos of Britney Arguing with Sons 'The Lies Have to Stop',"['Britney Spears', 'Kevin Federline', 'Jayden James', 'Sean Preston', 'Kids', 'Hollywood Exes', 'Music']",8/10/2022 9:17 PM,2022.0,8.0,10.0,21.0,17.0
25,A$AP ROCKY SUED EX-A$AP MOB MEMBER SAYS HE'S SHOOTING VICTIM.,"['A$AP Rocky', 'Hip Hop', 'Crime', 'Music', 'Fairly Legal', 'Celebrity Feuds', 'Police']",8/10/2022 5:29 PM,2022.0,8.0,10.0,17.0,29.0
26,Anne Heche Cops Investigating Crash as Felony DUI.,"['Anne Heche', 'Movies', 'Car Crashes', 'Nurse!', 'Drugs & Alcohol', 'Crime', 'Exclusive', 'Fairly Legal', 'Health', 'Police']",8/10/2022 4:00 PM,2022.0,8.0,10.0,16.0,0.0
27,Edmonton Oilers 6-Year-Old Super Fan Dies ... After Cancer Battle.,"['Connor McDavid', 'RIP', 'TMZ Sports', 'Kids', 'Health']",8/10/2022 3:31 PM,2022.0,8.0,10.0,15.0,31.0
28,Kobe Bryant Photo Trial Vanessa Sobs During Opening Statements ... Deputy Bragged About 'Piles of Meat' at Death Scene.,"['Kobe Bryant', 'Gianna Bryant', 'Vanessa Bryant', 'Family', 'TMZ Sports', 'Basketball', 'celebrity kids', 'NBA', 'Los Angeles Lakers', 'Fairly Legal', 'Police']",8/10/2022 3:09 PM,2022.0,8.0,10.0,15.0,9.0
29,OF Model Courtney Tailor Charged with Murdering Boyfriend ... Arrested in Hawaii.,"['Miami', 'RIP', 'Crime & Arrests', 'Relationships', 'Drugs & Alcohol', 'Models', 'Fairly Legal']",8/10/2022 3:05 PM,2022.0,8.0,10.0,15.0,5.0
30,"Rep. Eric Swalwell Death Threats Left on Racist, Homophobic Voicemail.","['You Might Want to Rethink', 'Family', 'Kids', 'Politix', 'Controversial S#!T']",8/10/2022 2:06 PM,2022.0,8.0,10.0,14.0,6.0
31,Olivia Wilde Wins Legal Battle vs. Jason Sudeikis You Embarrassed Me On Purpose!!!,"['Jason Sudeikis', 'Olivia Wilde', 'Relationships', 'Kids', 'Hollywood Exes', 'Fairly Legal']",8/10/2022 1:07 PM,2022.0,8.0,10.0,13.0,7.0
32,Olivia Newton-John's Heartfelt Tribute from Husband.,"['Olivia Newton-John', 'RIP', 'Relationships', 'Movies', 'Celebrity Death', 'Couples', 'Music', 'Health']",8/10/2022 12:54 PM,2022.0,8.0,10.0,12.0,54.0
33,Andrew Yang Trump Raid Better Turn Up The Goods ... Or Else It's A Stain on FBI.,"['Donald Trump', 'President Trump', 'Crime', 'Politix', 'Exclusive', 'Controversial S#!T', 'Stars In Heat']",8/10/2022 12:41 PM,2022.0,8.0,10.0,12.0,41.0
34,'Breakfast Club's' Angela Yee I'll Stick Around to Help Find Replacement.,"['Angela Yee', 'DJ Envy', 'Charlamagne Tha God', 'Breakups', 'Hip Hop', 'Exclusive', 'Music']",8/10/2022 11:01 AM,2022.0,8.0,10.0,11.0,1.0
35,Cops: Frank Gore Dragged Naked Woman By Her Hair ... In Atlantic City Incident.,"['Frank Gore', 'Exclusive Details', 'San Francisco 49ers', 'TMZ Sports', 'Crime', 'Controversial S#!T', 'Fairly Legal', 'Football', 'NFL']",8/10/2022 9:39 AM,2022.0,8.0,10.0,9.0,39.0
36,Jon Stewart Attends Biden's Signing of Vet Bill ... Props from Prez.,"['Joe Biden', 'Jon Stewart', 'TV', 'White House', 'Politix']",8/10/2022 7:43 AM,2022.0,8.0,10.0,7.0,43.0
37,"Donald Trump I'm Being Persecuted, So ... I'm Taking the 5th in NY Attorney General Probe.","['Donald Trump', 'Politix', 'Controversial S#!T', 'Fairly Legal', 'News']",8/10/2022 7:32 AM,2022.0,8.0,10.0,7.0,32.0
38,Kanye West Geminis Rule ... Matching Tats With Lil Uzi & Steve Lacy!!!,"['Kanye West', 'Lil Uzi Vert', 'Hip Hop', 'Music', 'Tattoos']",8/10/2022 7:23 AM,2022.0,8.0,10.0,7.0,23.0
39,J Lo and Ben Screw the House Hunt!!! We're All Movin' to Jen's Place.,"['Jennifer Lopez', 'Ben Affleck', 'Family', 'Relationships', 'Couples', 'Celebrity Homes']",8/10/2022 7:15 AM,2022.0,8.0,10.0,7.0,15.0
40,Cody Simpson Gets Spot On Team Australia ... For Meet Against USA.,"['Cody Simpson', 'Olympics', 'TMZ Sports', 'Music']",8/10/2022 6:55 AM,2022.0,8.0,10.0,6.0,55.0
41,Olivia Newton-John Daughter Leaves Heartbreaking Voicemail ... Following Mom's Death.,"['Olivia Newton-John', 'RIP', 'Family', 'Movies', 'Celebrity Death', 'celebrity kids', 'Music']",8/10/2022 6:48 AM,2022.0,8.0,10.0,6.0,48.0
42,"Shawn Mendes Doing Simple Things, Therapy After Cancelling World Tour.","['Shawn Mendes', 'Exclusive', 'Music', 'Health']",8/10/2022 1:00 AM,2022.0,8.0,10.0,1.0,0.0
43,'Big Brother' Fiance Upset HOH Letter Not Aired ... No Love For Gay Couple?!?,"['Big Brother', 'LGBT', 'Reality TV', 'Relationships', 'Couples', 'CBS', 'Exclusive']",8/10/2022 12:50 AM,2022.0,8.0,10.0,0.0,50.0
44,Travis Scott London Concert Merch Tops $1 Mil ... Breaks BTS U.K. Sales Record.,"['BTS', 'Travis Scott', 'Money', 'Hip Hop', 'Exclusive', 'Music']",8/10/2022 12:40 AM,2022.0,8.0,10.0,0.0,40.0
45,Drake Tattoo Artist Slams Drake and His Dad They Broke the Unwritten Tattoo Rule!!!,"['Dennis Graham', 'Drake', 'Family', 'Hip Hop', 'Exclusive', 'Music', 'Tattoo']",8/10/2022 12:30 AM,2022.0,8.0,10.0,0.0,30.0
46,TLC's Chilli Spotted Beachin' It in Hawaii with Matthew Lawrence.,"['Chilli', 'Matthew Lawrence', 'Cheryl Burke', 'TV', 'Summer/Beach', 'Hip Hop', 'Relationships', 'Movies', 'Couples', 'Exclusive', 'Dancing with the Stars', 'Music']",8/10/2022 12:20 AM,2022.0,8.0,10.0,0.0,20.0
47,Jake Paul My New Gambling/Media Biz Will Surpass $1 Bil.,"['Jake Paul', 'You Might Want to Rethink', 'Money', 'Boxing', 'TMZ Sports', 'YouTube', 'Exclusive']",8/10/2022 12:10 AM,2022.0,8.0,10.0,0.0,10.0
48,Guess Who This Little Princess Turned Into!,"['Kids', 'celebrity kids', 'Photo Galleries']",8/10/2022 12:01 AM,2022.0,8.0,10.0,0.0,1.0
49,NFL's Frank Gore Charged With Simple Assault ... Allegedly Involved In Dom. Violence Incident.,"['Frank Gore', 'San Francisco 49ers', 'TMZ Sports', 'Crime', 'Fairly Legal', 'Football', 'Fights & Feuds', 'NFL']",8/9/2022 9:22 PM,2022.0,8.0,9.0,21.0,22.0
50,"Marshawn Lynch Car Had Missing, Flat Tires ... During DUI Arrest.","['Marshawn Lynch', 'Crime & Arrests', 'Seattle Seahawks', 'Exclusive Details', 'TMZ Sports', 'Oakland Raiders', 'Drugs & Alcohol', 'Stars In Heat', 'Buffalo Bills', 'Football', 'NFL']",8/9/2022 4:34 PM,2022.0,8.0,9.0,16.0,34.0
51,"Oprah's Co. Sues Podcast Hosts You Can Talk About Me,  But Don't Use My Logo!!!","['Oprah Winfrey', 'TV', 'CELEBRITY JUSTICE ™', 'Exclusive', 'Fairly Legal']",8/9/2022 3:19 PM,2022.0,8.0,9.0,15.0,19.0
52,Ben Affleck Lists Palisades Mansion for $30M.,"['Ben Affleck', 'Jennifer Lopez', 'Money', 'Relationships', 'Movies', 'Exclusive', 'Celebrity Homes']",8/9/2022 3:15 PM,2022.0,8.0,9.0,15.0,15.0
53,ESPN Reporter M.A. Voepel 'I'm Transitioning To Male',"['LGBT', 'TMZ Sports', 'ESPN', 'WNBA']",8/9/2022 3:01 PM,2022.0,8.0,9.0,15.0,1.0
54,Steven Seagal Poses at Russian-Controlled Prison Where 50 Ukrainians Were Killed.,"['Steven Seagal', 'Vladimir Putin', 'TMZ Sports', 'Ukraine', 'Politix', 'Viral']",8/9/2022 2:56 PM,2022.0,8.0,9.0,14.0,56.0
55,Plane Crash Catches Fire On CA Freeway ... Passengers Escape Flames.,"['Viral', 'Health', 'News']",8/9/2022 2:12 PM,2022.0,8.0,9.0,14.0,12.0
56,Sesame Place Announces Comprehensive Plan ... Amid Racism Accusations.,"['Sesame Street', 'Kids', 'Controversial S#!T']",8/9/2022 1:28 PM,2022.0,8.0,9.0,13.0,28.0
57,'Insecure' Star Denise Dowse in Coma After Case of Meningitis.,"['TV', 'Nurse!', 'Exclusive', 'Health']",8/9/2022 12:41 PM,2022.0,8.0,9.0,12.0,41.0
58,Emmett Till Mississippi Grand Jury ... Declines to Indict White Accuser.,"['Emmett Till', 'RIP', 'Breaking News', 'Crime', 'Fairly Legal']",8/9/2022 12:08 PM,2022.0,8.0,9.0,12.0,8.0
59,Marshawn Lynch Arrested For DUI ... Mug Shot Released.,"['Marshawn Lynch', 'Crime & Arrests', 'Seattle Seahawks', 'TMZ Sports', 'Oakland Raiders', 'Breaking News', 'Drugs & Alcohol', 'Buffalo Bills', 'Football', 'NFL']",8/9/2022 12:02 PM,2022.0,8.0,9.0,12.0,2.0
60,Little League Baseball Batter Drilled In Head By Fastball ... Comforts Pitcher Afterward.,"['TMZ Sports', 'Kids', 'Nurse!', 'Baseball']",8/9/2022 11:43 AM,2022.0,8.0,9.0,11.0,43.0
61,San Diego Padres Fan Kicks Man Down Stairs At Game ... Wild Brawl At Petco!!!,"['TMZ Sports', 'MLB', 'Baseball', 'Fights & Feuds']",8/9/2022 10:47 AM,2022.0,8.0,9.0,10.0,47.0
62,Morgan Wallen Brings Out Jeezy ... Chugging Beers & Kickin' It Onstage!!!,"['Morgan Wallen', 'Hip Hop', 'Drugs & Alcohol', 'Music']",8/9/2022 10:03 AM,2022.0,8.0,9.0,10.0,3.0
63,Jockey Taiki Yanagida Dead At 28 ... Horrific Horse Racing Accident.,"['RIP', 'Celebrity Death', 'TMZ Sports', 'Nurse!', 'Health']",8/9/2022 8:29 AM,2022.0,8.0,9.0,8.0,29.0
64,FBI Raid Feds Waited for Trump to Leave Town ... Before Conducting Raid.,"['Donald Trump', 'Politix', 'Exclusive']",8/9/2022 8:24 AM,2022.0,8.0,9.0,8.0,24.0
65,"China New, Potentially Fatal Langya Virus Detected ... Cause For Alarm Overseas.","['Nurse!', 'Health', 'News']",8/9/2022 7:36 AM,2022.0,8.0,9.0,7.0,36.0
66,Lance Armstrong Ties The Knot With Longtime GF ... 'Best. Day. Ever.',"['Lance Armstrong', 'Relationships', 'TMZ Sports', 'Couples', 'Tying The Knot']",8/9/2022 7:26 AM,2022.0,8.0,9.0,7.0,26.0
67,Jared Kushner & Ivanka Trump Dinner Date Night After Dad Gets Raided.,"['Donald Trump', 'Jared Kushner', 'Ivanka Trump', 'Relationships', 'White House', 'Politix', 'Fairly Legal', 'Famous Food', 'Celebrity Homes']",8/9/2022 7:05 AM,2022.0,8.0,9.0,7.0,5.0
68,FBI Raid Trump Supporters Protest at Mar-a-Lago After FBI Raid's Ex-Prez's Home.,"['Donald Trump', 'White House', 'Politix', 'Fairly Legal', 'News', 'Police']",8/9/2022 6:49 AM,2022.0,8.0,9.0,6.0,49.0
69,Ashton Kutcher I Had A Super Rare Autoimmune Disease ... Threatened Hearing and Sight.,"['Ashton Kutcher', 'Bear Grylls', 'Mila Kunis', 'Clayton Kershaw', 'Los Angeles Dodgers', 'TV', 'Reality TV', 'Movies', 'TMZ Sports', 'Nurse!', 'Health']",8/9/2022 6:44 AM,2022.0,8.0,9.0,6.0,44.0
70,JOHNNY DEPP I'm Back With Dior New 7-Figure Deal As Fragrance Face.,"['Johnny Depp', 'Beauty', 'Movies', 'Exclusive', 'Fairly Legal']",8/9/2022 1:00 AM,2022.0,8.0,9.0,1.0,0.0
71,Issa Rae Donates to Family of Pregnant Woman Killed in Fiery L.A. Crash.,"['Issa Rae', 'RIP', 'Money', 'Car Crashes', 'Kids', 'Exclusive', 'News']",8/9/2022 12:50 AM,2022.0,8.0,9.0,0.0,50.0
72,Rae Sremmurd's Slim Jxmmi Busted at LAX Georgia Wants Him Extradited on Drug Charges.,"['Slim Jxmmi', 'Crime & Arrests', 'Hip Hop', 'Drugs & Alcohol', 'Music']",8/9/2022 12:40 AM,2022.0,8.0,9.0,0.0,40.0
73,Judge Mathis Ashanti Should Gag Irv Gotti’s Revenge Rampage.,"['Ashanti', 'Judge Mathis', 'Hip Hop', 'Relationships', 'Sex', 'Music', 'Fairly Legal']",8/9/2022 12:30 AM,2022.0,8.0,9.0,0.0,30.0
74,"DeMar DeRozan Poses For Pics, Signs Autographs After Big Drew League Game.","['DeMar DeRozan', 'Chicago Bulls', 'TMZ Sports', 'Basketball', 'Birthdays', 'NBA', 'Exclusive']",8/9/2022 12:20 AM,2022.0,8.0,9.0,0.0,20.0
75,Tony Little 'Memba Him?!,"['Hotties & Bodies', 'Hot Bodies', 'Memba Them']",8/9/2022 12:01 AM,2022.0,8.0,9.0,0.0,1.0
76,Donald Trump FBI Agents Raiding Mar-A-Lago ... They Broke Into My Safe!!!,"['Donald Trump', 'Breaking News', 'Politix']",8/8/2022 4:31 PM,2022.0,8.0,8.0,16.0,31.0
77,Anne Heche Still in Coma Fighting for Her Life.,"['Anne Heche', 'Movies', 'Car Crashes', 'Nurse!', 'Fairly Legal', 'Health', 'Police']",8/8/2022 2:46 PM,2022.0,8.0,8.0,14.0,46.0
78,Aaron Rodgers Balks At COVID Death Joke ... 'I Don't Find That Part Funny',"['Aaron Rodgers', 'Green Bay Packers', 'TMZ Sports', 'Football', 'Coronavirus', 'NFL']",8/8/2022 2:06 PM,2022.0,8.0,8.0,14.0,6.0
79,Ezra Miller Accused Of Burglary ... Allegedly Stole Booze From Vermont Home.,"['Ezra Miller', 'Crime & Arrests', 'Movies', 'Drugs & Alcohol', 'Exclusive']",8/8/2022 2:02 PM,2022.0,8.0,8.0,14.0,2.0
80,Fetty Wap Busted On Parole Violation... Allegedly Waving Guns On FaceTime Will Do That!,"['Fetty Wap', 'Crime & Arrests', 'Hip Hop', 'Exclusive Details', 'Music', 'Fairly Legal']",8/8/2022 1:35 PM,2022.0,8.0,8.0,13.0,35.0
81,Britney Spears 'Tiny Dancer' Remake with Elton Has Dance Vibe.,"['Britney Spears', 'Elton John', 'Music']",8/8/2022 1:34 PM,2022.0,8.0,8.0,13.0,34.0
82,Olivia Newton-John Dead at 73.,"['Olivia Newton-John', 'RIP', 'Exclusive Details', 'Movies', 'Celebrity Death', 'Music']",8/8/2022 12:25 PM,2022.0,8.0,8.0,12.0,25.0
83,"Gabby Petito Family Files Notice Of Complaint ... Seeks $50M In Damages From Moab, Utah PD.","['Gabby Petito', 'RIP', 'Money', 'Family', 'Fights', 'Crime', 'Fairly Legal', 'Police']",8/8/2022 11:44 AM,2022.0,8.0,8.0,11.0,44.0
84,Kevin Federline Vs. Britney Spears K-Fed Attorney Fires Back Kids Support Jamie!,"['Britney Spears', 'Kevin Federline', 'Jamie Spears', 'Jayden James', 'Mark Vincent Kaplan', 'Sean Preston', 'Family', 'celebrity kids', 'Music', 'Fairly Legal', 'Fights & Feuds']",8/8/2022 10:56 AM,2022.0,8.0,8.0,10.0,56.0
85,Josh Allen Rips Autograph Seeker Over Football Throw ... 'Disrespectful!!!',"['Josh Allen', 'Stefon Diggs', 'TMZ Sports', 'Controversial S#!T', 'Buffalo Bills', 'Football', 'NFL']",8/8/2022 10:32 AM,2022.0,8.0,8.0,10.0,32.0
86,"Lori Loughlin Oh Canada, I Want to Visit ... Judge Approves, but Canada Could Shut Her Down.","['Lori Loughlin', 'Full House', 'CELEBRITY JUSTICE ™', 'Movies', 'Crime', 'Fairly Legal']",8/8/2022 9:55 AM,2022.0,8.0,8.0,9.0,55.0
87,Anne Heche New Video Shows She Almost Hit Woman ... Before Crashing into House.,"['Anne Heche', 'TV', 'Movies', 'Car Crashes', 'Nurse!', 'Drugs & Alcohol', 'Exclusive', 'Health']",8/8/2022 9:30 AM,2022.0,8.0,8.0,9.0,30.0
88,'Street Outlaws' Driver Ryan Fellows Dies in Crash ... Filming for Show in Vegas.,"['RIP', 'Hot Vegas', 'Reality TV', 'Car Crashes', 'Celebrity Death', 'TMZ Sports', 'Exclusive']",8/8/2022 8:25 AM,2022.0,8.0,8.0,8.0,25.0
89,"Attorney Bert Fields Repped Beatles, Cruise, Madonna, MJ Dead at 92.","['Bert Fields', 'Tom Cruise', 'Michael Jackson', 'RIP', 'CELEBRITY JUSTICE ™', 'Movies', 'Celebrity Death', 'Music', 'Fairly Legal', 'Health', 'The Beatles']",8/8/2022 7:01 AM,2022.0,8.0,8.0,7.0,1.0
90,Anne Heche Cops Think She was Intoxicated During Wreck into House ... Get Warrant for Blood.,"['Anne Heche', 'Movies', 'Nurse!', 'Drugs & Alcohol', 'Exclusive', 'Fairly Legal', 'Health', 'Police']",8/8/2022 6:50 AM,2022.0,8.0,8.0,6.0,50.0
91,Kanye 'Skete is Dead!!!' Celebratory Post After Kim & Pete Split.,"['Kanye West', 'Pete Davidson', 'Kid Cudi', 'Kim Kardashian', 'Hip Hop', 'Relationships', 'Celebrity Divorce', 'Instagram', 'Music', 'Celebrity Feuds']",8/8/2022 6:23 AM,2022.0,8.0,8.0,6.0,23.0
92,Prince Harry Underwear From Naked Vegas Romp Going Up For Sale ... Ex-Stripper Running Auction.,"['Prince Harry', 'Money', 'Hot Vegas', 'Strippers', 'Party All The Time', 'Prince Harry Vegas Pictures', 'Viral', 'Exclusive']",8/8/2022 1:00 AM,2022.0,8.0,8.0,1.0,0.0
93,'Grease' Actor Eddie Deezen Not Competent to Stand Trial ... In Maryland Assault Case.,"['Crime & Arrests', 'CELEBRITY JUSTICE ™', 'Movies', 'Exclusive', 'Fairly Legal', 'Health']",8/8/2022 12:40 AM,2022.0,8.0,8.0,0.0,40.0
94,Barry Sanders Saquon Will Rebound This Year ... Book It!!!,"['Barry Sanders', 'Saquon Barkley', 'TMZ Sports', 'Exclusive', 'Football', 'NFL']",8/8/2022 12:20 AM,2022.0,8.0,8.0,0.0,20.0
95,"Billie Eilish Night Racing Go-Karts ... I'm the Fast Guy, Duh!!!","['Billie Eilish', 'Family', 'TMZ Sports', 'Exclusive', 'Music']",8/8/2022 12:10 AM,2022.0,8.0,8.0,0.0,10.0
96,Guess Who This Confident Kid Turned Into!,"['Kids', 'celebrity kids', 'Photo Galleries']",8/8/2022 12:01 AM,2022.0,8.0,8.0,0.0,1.0
97,Bernie Sanders Sparks New Meme w/ Capitol Steps Pic ... Amid Vote-A-Rama in D.C.!!!,"['Bernie Sanders', 'Politix', 'Viral']",8/7/2022 3:12 PM,2022.0,8.0,7.0,15.0,12.0
98,Pink Floyd's Roger Waters Argues with CNN Host ... About Conflicts in Ukraine and China.,"['Ukraine', 'Music', 'CNN']",8/7/2022 1:54 PM,2022.0,8.0,7.0,13.0,54.0
99,Pete Rose Phillies Ceremony Criticized ... Amid Old Rape Claims/Qs.,"['Pete Rose', 'TMZ Sports', 'Philadelphia Phillies', 'MLB', 'Baseball']",8/7/2022 12:52 PM,2022.0,8.0,7.0,12.0,52.0
100,'Magnum P.I.' Star Roger E. Mosley Dead at 83.,"['RIP', 'TV', 'Celebrity Death']",8/7/2022 11:43 AM,2022.0,8.0,7.0,11.0,43.0
101,'Top Gun: Maverick' Beats 'Titanic' to Become #7 ... Highest Grossing Film.,"['Tom Cruise', 'Money', 'Movies']",8/7/2022 11:14 AM,2022.0,8.0,7.0,11.0,14.0
102,Drake Here Are the GOATs of Rap ... Lil Wayne and Nicki Minaj!!!,"['Nicki Minaj', 'Lil Wayne', 'Drake', 'Hip Hop', 'Music']",8/7/2022 10:31 AM,2022.0,8.0,7.0,10.0,31.0
103,Britney and Sam Attack Kevin Federline ... How Dare You Say Her Kids Avoid Her!!!,"['Britney Spears', 'Kevin Federline', 'Sam Asghari', 'Family', 'Relationships', 'Kids', 'Hollywood Exes', 'Music']",8/7/2022 7:15 AM,2022.0,8.0,7.0,7.0,15.0
104,Travis Scott Kylie and Stormi Go Nuts for Him ... During Sold-Out London Concert.,"['Kylie Jenner', 'Stormi Webster', 'Travis Scott', 'Family', 'Hip Hop', 'TMZ Sports', 'Music']",8/7/2022 6:42 AM,2022.0,8.0,7.0,6.0,42.0
105,"Teresa Giudice Luis, I Say 'I Do' to You!!! Glitzy Wedding Brings Out 'Real Housewives'","['Teresa Giudice', 'Reality TV', 'Relationships', 'Couples', 'Real Housewives', 'Tying The Knot']",8/7/2022 6:16 AM,2022.0,8.0,7.0,6.0,16.0
106,"Fred Durst Married Man Once Again ... Wedding #4, Sucka!!!","['Fred Durst', 'Relationships', 'Couples', 'Tying The Knot', 'Exclusive', 'Music']",8/7/2022 1:00 AM,2022.0,8.0,7.0,1.0,0.0
107,Kourtney & Travis Flying Commercial Works for Us ... What Carbon Footprint???,"['Kourtney Kardashian', 'Travis Barker', 'Family', 'Reality TV', 'Couples', 'Exclusive', 'Controversial S#!T', 'Music']",8/7/2022 12:50 AM,2022.0,8.0,7.0,0.0,50.0
108,WWE Legend X-Pac Blown Away By Logan Paul ... 'Huge Future',"['X-Pac', 'Logan Paul', 'Fights', 'TMZ Sports', 'YouTube', 'Exclusive', 'WWE']",8/7/2022 12:45 AM,2022.0,8.0,7.0,0.0,45.0
109,Maxwell Jameson Sizzles In Spain W/ Sexy Swimsuit Shots!,"['Hot Bodies', 'Summer', 'Photo Galleries', 'Models']",8/7/2022 12:35 AM,2022.0,8.0,7.0,0.0,35.0
110,Meek Mill Drops $200K On DreamChasers Chain!!! Leveling Up Post-Roc Nation.,"['Meek Mill', 'Bling!', 'Money', 'Hip Hop', 'Exclusive', 'Music']",8/7/2022 12:10 AM,2022.0,8.0,7.0,0.0,10.0
111,Mindy Kaling Good Genes or Good Docs?!,['Good Genes or Good Docs'],8/7/2022 12:01 AM,2022.0,8.0,7.0,0.0,1.0
112,Kevin Federline Me & Britney's Boys Are Purposely Avoiding Her.,"['Britney Spears', 'Kevin Federline', 'Family', 'Kids', 'Custody Battles', 'Hollywood Exes', 'Viral', 'Controversial S#!T', 'Music']",8/6/2022 5:27 PM,2022.0,8.0,6.0,17.0,27.0
113,"Nelly Performs with Ashanti, Takes Jab? ... Amid Irv Gotti 'DC' Story.","['Nelly', 'Ashanti', 'You Might Want to Rethink', 'Hip Hop', 'Relationships', 'Couples', 'Music']",8/6/2022 3:20 PM,2022.0,8.0,6.0,15.0,20.0
114,Travis Scott Headlines First Arena Concert ... Since Astroworld.,"['Travis Scott', 'Hip Hop', 'Controversial S#!T', 'Music']",8/6/2022 1:55 PM,2022.0,8.0,6.0,13.0,55.0
115,James Franco as Castro Casting Defended by Producer ... After Leguizamo Bashing.,"['John Leguizamo', 'James Franco', 'Fidel Castro', 'You Might Want to Rethink', 'Movies', 'Controversial S#!T', 'Stars In Heat', 'Celebrity Feuds']",8/6/2022 12:18 PM,2022.0,8.0,6.0,12.0,18.0
116,Obamas Crash African-American Film Fest ... At Martha's Vineyard.,"['Michelle Obama', 'Barack Obama', 'Netflix', 'Movies', 'Couples', 'Politix']",8/6/2022 11:34 AM,2022.0,8.0,6.0,11.0,34.0
117,Anne Heche Crash New Vid Shows Her Speeding Earlier ... Podcast Suggests Drinking.,"['Anne Heche', 'TV', 'Movies', 'Nurse!', 'Drugs & Alcohol', 'Crime', 'Exclusive', 'Health']",8/6/2022 10:38 AM,2022.0,8.0,6.0,10.0,38.0
118,Bill Maher Rails on Obesity and 'Body Positivity' ... It's Killing Americans.,"['Bill Maher', 'You Might Want to Rethink', 'Humor', 'TV', 'Fitness & Exercise', 'Comedy', 'Politix', 'Weight Loss & Weight Gain', 'Health']",8/6/2022 6:39 AM,2022.0,8.0,6.0,6.0,39.0
119,The Seekers Judith Durham 'Georgy Girl' Singer Dead at 79.,"['RIP', 'Celebrity Death', 'Music', 'Health']",8/6/2022 6:19 AM,2022.0,8.0,6.0,6.0,19.0
120,Terrell Owens Dispute W/ Neighbor Could've Turned Deadly.,"['Terrell Owens', '911 Call', 'Stars In Danger', 'TMZ Sports', 'Exclusive', 'Football', 'Police', 'Fights & Feuds', 'NFL']",8/6/2022 6:00 AM,2022.0,8.0,6.0,6.0,0.0
121,Travis Scott Kylie & Stormi Take London to Support ... Countdown to First Big Show.,"['Kylie Jenner', 'Stormi Webster', 'Travis Scott', 'Hip Hop', 'celebrity kids', 'Couples', 'Exclusive', 'Controversial S#!T', 'Music', 'Fairly Legal']",8/6/2022 1:00 AM,2022.0,8.0,6.0,1.0,0.0
122,Zac Efron Slammed By PETA ... After Appearing In Ad With Captive Bear.,"['Zac Efron', 'PETA', 'Animals', 'Movies', 'Exclusive', 'Controversial S#!T', 'Famous Food']",8/6/2022 12:50 AM,2022.0,8.0,6.0,0.0,50.0
123,Stars and Scars You Be the Judge.,[],8/6/2022 12:45 AM,2022.0,8.0,6.0,0.0,45.0
124,Yasiel Puig Vin Scully Was A Father Figure ... I'm So Sad He's Gone.,"['Yasiel Puig', 'Vin Scully', 'Tommy Lasorda', 'Los Angeles Dodgers', 'RIP', 'Celebrity Death', 'TMZ Sports', 'Exclusive', 'MLB', 'Baseball']",8/6/2022 12:40 AM,2022.0,8.0,6.0,0.0,40.0
125,Stars In Shiny Swimsuits Hollywood Goes Heavy Metal!,"['Hotties & Bodies', 'Hot Bodies', 'Summer', 'Photo Galleries', 'Models']",8/6/2022 12:30 AM,2022.0,8.0,6.0,0.0,30.0
126,"Joe Giudice Happy For Teresa's New Marriage ... Good Luck With Gorgas, Luis!","['Teresa Giudice', 'Joe Giudice', 'Joe Gorga', 'Melissa Gorga', 'TV', 'Family', 'Reality TV', 'Relationships', 'Couples', 'Real Housewives', 'Tying The Knot', 'Exclusive']",8/6/2022 12:20 AM,2022.0,8.0,6.0,0.0,20.0
127,What's The Big Frigin' Difference?!,"['Dancing with the Stars', ""What's The Big Frigin' Difference""]",8/6/2022 12:01 AM,2022.0,8.0,6.0,0.0,1.0
128,"Khloe Kardashian Welcome, New baby Boy!!!","['Khloe Kardashian', 'Tristan Thompson', 'Family', 'Reality TV', 'TMZ Sports', 'celebrity kids', 'Baby Watch', 'Hollywood Exes', 'NBA']",8/5/2022 7:08 PM,2022.0,8.0,5.0,19.0,8.0
129,Kim Kardashian and Pete Davidson Call It Quits After 9 Months Together.,"['Kim Kardashian', 'Pete Davidson', 'Kanye West', 'Humor', 'TV', 'Kim Kardashian Dating', 'Reality TV', 'Relationships', 'Breaking News', 'Couples', 'Comedy', 'The Kardashians']",8/5/2022 4:35 PM,2022.0,8.0,5.0,16.0,35.0
130,ALEX JONES Must Pay $45.2 Mil in Punitive Damages To Sandy Hook Parents.,"['Alex Jones', 'Weapons & Guns', 'Money', 'Family', 'Kids', 'Controversial S#!T', 'Fairly Legal', 'Stars In Heat']",8/5/2022 4:03 PM,2022.0,8.0,5.0,16.0,3.0
131,Anne Heche Crashes Car into a Home Igniting Fire ... New Video Shows Her Speeding.,"['Anne Heche', 'TV', 'Movies', 'Car Crashes', 'Nurse!', 'Drugs & Alcohol', 'Exclusive', 'Health']",8/5/2022 2:04 PM,2022.0,8.0,5.0,14.0,4.0
132,Shawn Mendes Takes a Dip in Miami ... The Beach Ain't Canceled!!!,"['Shawn Mendes', 'Miami', 'Summer/Beach', 'Hot Bodies', 'Music', 'Health']",8/5/2022 12:02 PM,2022.0,8.0,5.0,12.0,2.0
133,Kanye West 5th Divorce Attorney Quits ... As the Case Drags On.,,8/5/2022 10:17 AM,2022.0,8.0,5.0,10.0,17.0
134,Italian Decathlete Junk Falls Out During Race ... 'Obviously An Accident',"['Olympics', 'Weird News', 'Nudity', 'TMZ Sports']",8/5/2022 10:08 AM,2022.0,8.0,5.0,10.0,8.0
135,Anchorage PD 2 Officers Found in Violation For Selfies with 'White Privilege' Card Driver.,,8/5/2022 8:10 AM,2022.0,8.0,5.0,8.0,10.0
136,Wiz Khalifa Sits with Envy & Drama ... Apologizes for Nightclub DJs Rant.,,8/5/2022 7:39 AM,2022.0,8.0,5.0,7.0,39.0
137,NASCAR Champ Kyle Busch Escapes Shooting At Mall Of America ... In Chaotic Video.,,8/5/2022 7:20 AM,2022.0,8.0,5.0,7.0,20.0
138,Terrell Owens 'Karen' Incident 911 Audio ... Woman Claims T.O. 'Threatened' Her.,,8/5/2022 7:01 AM,2022.0,8.0,5.0,7.0,1.0
139,Tyler Perry I Don't Want To Talk Race with My 7-Yr-Old Son Yet!!!,,8/5/2022 6:48 AM,2022.0,8.0,5.0,6.0,48.0
140,Monkeypox U.S. Asleep at the Wheel in Responding ... Report.,,8/5/2022 6:29 AM,2022.0,8.0,5.0,6.0,29.0
141,Trevor Noah Griner's Sentence Is 'Bulls***' 'Get The F*** Out Of Here',,8/5/2022 6:20 AM,2022.0,8.0,5.0,6.0,20.0
142,Disney World 'Toy Story' Hug Characters Need to Embrace Kids of All Races ... Says Fam in Viral Video.,,8/5/2022 1:00 AM,2022.0,8.0,5.0,1.0,0.0
143,John Lennon Scathing Letter to Paul Up for Auction.,,8/5/2022 12:45 AM,2022.0,8.0,5.0,0.0,45.0
144,Alyson Hannigan Finds Buyer For 'This Is Us' House ... With $18 Million Price Tag!!!,,8/5/2022 12:30 AM,2022.0,8.0,5.0,0.0,30.0
145,Shannon Sharpe Betting NFL Calls Aaron Rodgers Over Psychedelics ... 'That's Not A Good Look',,8/5/2022 12:15 AM,2022.0,8.0,5.0,0.0,15.0
146,Jordan On MTV's 'The Hills' 'Memba Him?!,,8/5/2022 12:01 AM,2022.0,8.0,5.0,0.0,1.0
147,Elon Musk Feds Drug Tested Me After Blazing with Joe Rogan.,,8/4/2022 6:16 PM,2022.0,8.0,4.0,18.0,16.0
148,Kylie Jenner Fires Back Over 'Unsanitary' Lab Photos ... I Would Never Put My Customers at Risk!!!,,8/4/2022 3:55 PM,2022.0,8.0,4.0,15.0,55.0
149,Alex Jones $4.1M In Damages To Sandy Hook Parents ... Jury Decides.,,8/4/2022 3:01 PM,2022.0,8.0,4.0,15.0,1.0
150,Ahmaud Arbery Murderers Judge Upholds Federal Hate Crime Conviction.,,8/4/2022 2:34 PM,2022.0,8.0,4.0,14.0,34.0
151,"Monkeypox Crisis Yes, It's in Gay Community Now But WHO Expert Says Brace for Spread.",,8/4/2022 2:14 PM,2022.0,8.0,4.0,14.0,14.0
152,Mark Zuckerberg Signed Little League Card Going Up For Auction ... Nothin' Quite Like It!!!,,8/4/2022 12:10 PM,2022.0,8.0,4.0,12.0,10.0
153,Hockey Player Kicks Opponent In Face With Skate ... Cops Investigating.,,8/4/2022 12:06 PM,2022.0,8.0,4.0,12.0,6.0
154,Ne-Yo Wife Files for Divorce ... Says He Had Kid with Another Woman.,,8/4/2022 11:42 AM,2022.0,8.0,4.0,11.0,42.0
155,Machine Gun Kelly Tour Bus Vandalized With Homophobic Slur.,,8/4/2022 11:17 AM,2022.0,8.0,4.0,11.0,17.0
156,Breonna Taylor Cops Charged in Her Death ... Civil Rights Violations.,,8/4/2022 10:49 AM,2022.0,8.0,4.0,10.0,49.0
157,Malia Obama All Smiles While Out With Mystery Man ... Date To Museum?!,,8/4/2022 10:36 AM,2022.0,8.0,4.0,10.0,36.0
158,Airplane Tragedy Pilot Who Died May Have Fallen ... Trying to Eyeball Damaged Landing Gear.,,8/4/2022 8:25 AM,2022.0,8.0,4.0,8.0,25.0
159,'Selling Sunset' Heather Rae Young Sues Strip Club ... Don't Use My Pic for Promo!!!,,8/4/2022 7:41 AM,2022.0,8.0,4.0,7.0,41.0
160,Brittney Griner Sentenced To 9 Years In Russian Prison ... Biden Slams Ruling.,,8/4/2022 7:32 AM,2022.0,8.0,4.0,7.0,32.0
161,Gabby Petitio Foundation Mom Announces $100K Donation For Domestic Violence Prevention.,,8/4/2022 7:27 AM,2022.0,8.0,4.0,7.0,27.0
162,Prince William & Kate Middleton Happy Bday Wishes for Meghan Markle ... Despite Family Feud.,,8/4/2022 7:11 AM,2022.0,8.0,4.0,7.0,11.0
163,Aaron Rodgers Psychedelics Led To My Best Season ... Helped Me Love Myself.,,8/4/2022 6:50 AM,2022.0,8.0,4.0,6.0,50.0
164,Terrell Owens Heated Dispute With Neighbor ... Cops Involved.,,8/4/2022 6:45 AM,2022.0,8.0,4.0,6.0,45.0
165,Chuck E. Cheese Mom of Snubbed Kid ... Ramping Up to Sue.,,8/4/2022 1:00 AM,2022.0,8.0,4.0,1.0,0.0
166,Post Malone Gamin' For Charity ... Raises Over $200K!!!,,8/4/2022 12:50 AM,2022.0,8.0,4.0,0.0,50.0
167,"Tory Lanez Chris Brown Is The True King Of Pop, Here's A $200K Chain To Prove It!!!",,8/4/2022 12:40 AM,2022.0,8.0,4.0,0.0,40.0
168,'CHEER' STAR JERRY HARRIS Prison Life Nothing to Cheer About.,,8/4/2022 12:30 AM,2022.0,8.0,4.0,0.0,30.0
169,UFC Champ Brandon Moreno 4th Fight w/ Figueiredo Biggest Fight In Division History.,,8/4/2022 12:15 AM,2022.0,8.0,4.0,0.0,15.0
170,Guess Who This Kid With Cake Turned Into!,,8/4/2022 12:01 AM,2022.0,8.0,4.0,0.0,1.0
171,Bob Saget SCLERODERMA FUNDRAISER TURNS INTO TRIBUTE SHOW ... Celeb Friends Step In.,,8/3/2022 4:59 PM,2022.0,8.0,3.0,16.0,59.0
172,Aaron Rodgers Open To Fixing Family Relationship ... 'I Believe In Healing',,8/3/2022 3:44 PM,2022.0,8.0,3.0,15.0,44.0
173,Chrissy Teigen I'm Pregnant!!! 'Joy Has Filled Our Home and Hearts Again',,8/3/2022 2:53 PM,2022.0,8.0,3.0,14.0,53.0
174,Rep. Jackie Walorski (R-IN) Killed In Car Crash.,,8/3/2022 1:27 PM,2022.0,8.0,3.0,13.0,27.0
175,NBA's Iman Shumpert Arrested For Felony Weed Possession ... At Dallas Airport.,,8/3/2022 12:03 PM,2022.0,8.0,3.0,12.0,3.0
176,Britney Spears Catholic Church Calls BS ... You Never Asked to Get Married Here!!!,,8/3/2022 12:00 PM,2022.0,8.0,3.0,12.0,0.0
177,Alex Jones Sandy Hook Trial Confronted with His Own Texts ... Attys Accidentally Leaked.,,8/3/2022 11:04 AM,2022.0,8.0,3.0,11.0,4.0
178,Disney World's Woody Makes Sure Black Kids Greeted ... No Sesame Place Drama!!!,,8/3/2022 9:44 AM,2022.0,8.0,3.0,9.0,44.0
179,Vin Scully MLB Honoring Legend With Moments Of Silence ... Before Games.,,8/3/2022 8:54 AM,2022.0,8.0,3.0,8.0,54.0
180,NICKI MINAJ Dad's Killer Gets Sentenced to 1 Year.,,8/3/2022 8:48 AM,2022.0,8.0,3.0,8.0,48.0
181,Crash Landing Mystery 911 Recording After Pilot Jumped Out of Plane ... Minutes Before Emergency Landing.,,8/3/2022 7:28 AM,2022.0,8.0,3.0,7.0,28.0
182,"Naomi Osaka, Cordae We're Still Together!!! ... Rumors Are Bogus.",,8/3/2022 7:22 AM,2022.0,8.0,3.0,7.0,22.0
183,Jeff Bezos Mega Yacht Towed Away in Early AM ... Amid Dutch Bridge Outrage.,,8/3/2022 7:10 AM,2022.0,8.0,3.0,7.0,10.0
184,Beyonce Monica Lewinsky Gets Stung ... For Asking Bey to Change 'Partition' Lyric.,,8/3/2022 7:05 AM,2022.0,8.0,3.0,7.0,5.0
185,Tom Brady Gisele Wishes QB Happy 45th Bday ... Teammate Gets Him Custom GOAT Cake!!!,,8/3/2022 6:52 AM,2022.0,8.0,3.0,6.0,52.0
186,Post Roe v. Wade Kansas Votes Overwhelmingly for Abortion Rights.,,8/3/2022 6:14 AM,2022.0,8.0,3.0,6.0,14.0
187,L.A. Dodgers Fans Mourn Vin Scully's Death At Stadium ... Build Makeshift Memorial.,,8/3/2022 6:13 AM,2022.0,8.0,3.0,6.0,13.0
188,Rep. Nancy Pelosi Little Retail Therapy in Hawaii Before Big Taiwan Trip.,,8/3/2022 1:00 AM,2022.0,8.0,3.0,1.0,0.0
189,YING YANG TWINS' D-Roc I'm All Good After Collapse On Stage ... Life Changes On Deck.,,8/3/2022 12:45 AM,2022.0,8.0,3.0,0.0,45.0
190,'Vanderpump Rules' Lala Kent Hangin' with 50 Cent After '19 Feud ... We All Good?,,8/3/2022 12:30 AM,2022.0,8.0,3.0,0.0,30.0
191,Hasim Rahman Sr. I'll Fight Jake And Logan Paul ... Same Night!!,,8/3/2022 12:15 AM,2022.0,8.0,3.0,0.0,15.0
192,Harvey In 'Sabrina The Teenage Witch' 'Memba Him?!,,8/3/2022 12:01 AM,2022.0,8.0,3.0,0.0,1.0
193,Vin Scully Dodgers Broadcasting Legend ... Dead At 94.,,8/2/2022 8:30 PM,2022.0,8.0,2.0,20.0,30.0
194,"Jon Stewart Vet Bill Pressure Works ... GOP Senators Flip, Pass PACT Act.",,8/2/2022 6:22 PM,2022.0,8.0,2.0,18.0,22.0
195,Willow Smith Stops Show After Fan Faints in Crowd.,,8/2/2022 6:12 PM,2022.0,8.0,2.0,18.0,12.0
196,LeBron James Hits Lakers Facility W/ Sons ... Epic Workout With My Boys!!!,,8/2/2022 2:57 PM,2022.0,8.0,2.0,14.0,57.0
197,'Ferris Bueller' Star Edie McClurg Allegedly Elder Abuse Victim ... Caregiver Allegedly Sexually Assaulted.,,8/2/2022 1:41 PM,2022.0,8.0,2.0,13.0,41.0
198,Kanye West Rips Adidas For 'Yeezy Day' ... I Didn't Approve!!!,,8/2/2022 1:12 PM,2022.0,8.0,2.0,13.0,12.0
199,Demi Lovato Adds She/Her Pronouns to They/Them ... 'I've Been Feeling More Feminine Recently',,8/2/2022 1:09 PM,2022.0,8.0,2.0,13.0,9.0
200,Deshaun Watson Ban NFL In 'Really Tricky' Appeal Situation ... Andrew Brandt Says.,,8/2/2022 12:17 PM,2022.0,8.0,2.0,12.0,17.0
201,'Twilight' Star Cam Gigandet Wife Files For Divorce.,,8/2/2022 11:49 AM,2022.0,8.0,2.0,11.0,49.0
202,Thomas Markle Tabloid Honcho Files for Restraining Order ... He's Gonna Kill Me!!!,,8/2/2022 11:47 AM,2022.0,8.0,2.0,11.0,47.0
203,Soccer Player Attacks Female Ref Over Yellow Card ... Arrested.,,8/2/2022 11:30 AM,2022.0,8.0,2.0,11.0,30.0
204,Paraglider Narrowly Cheats Death ... Terrifying Scene Caught On Video.,,8/2/2022 10:05 AM,2022.0,8.0,2.0,10.0,5.0
205, Dev Patel Breaks Up Knife Fight in Australia ... Lady Allegedly Stabs Man!!! ,,8/2/2022 8:17 AM,2022.0,8.0,2.0,8.0,17.0
206,Airbnb Deletes Former Slave Quarters From Platform After Users Find Listing.,,8/2/2022 7:45 AM,2022.0,8.0,2.0,7.0,45.0
207, Angelina Jolie Mama's Got Moves!!! Hits Dance Floor at Daughter's College Event ,,8/2/2022 7:33 AM,2022.0,8.0,2.0,7.0,33.0
208, Chris Brown Defends Intimate Photos with Fans During Meet-and-Greets ,,8/2/2022 6:34 AM,2022.0,8.0,2.0,6.0,34.0
209,Blueface Fights Chrisean Rock on Streets of Hollywood ... Caught on Video.,,8/2/2022 6:25 AM,2022.0,8.0,2.0,6.0,25.0
210, Tiger Woods Turned Down LIV Golf's $700-$800 Mil ... Greg Norman Says ,,8/2/2022 6:11 AM,2022.0,8.0,2.0,6.0,11.0
211,ANA DE ARMAS Cuban Accent in Marilyn Monroe Pic Defended ... By Marilyn's Estate.,,8/2/2022 1:00 AM,2022.0,8.0,2.0,1.0,0.0
212, '90 DAY FIANCE' JORGE NAVA Gets Married in Vegas ,,8/2/2022 12:50 AM,2022.0,8.0,2.0,0.0,50.0
213, Ansel Elgort Making Out with Woman in Italy ... Amid GF Breakup Rumors ,,8/2/2022 12:40 AM,2022.0,8.0,2.0,0.0,40.0
214," 'WHY DON'T WE' DANIEL SEAVEY Gets Restraining Order Against Fan Who Broke Into House, Slept in Bed ",,8/2/2022 12:30 AM,2022.0,8.0,2.0,0.0,30.0
215, Jake Paul Challenged By Bola Osundairo ... Fight Me Saturday!! ,,8/2/2022 12:20 AM,2022.0,8.0,2.0,0.0,20.0
216, Guess Who This Toothy Kiddo Turned Into! ,,8/2/2022 12:01 AM,2022.0,8.0,2.0,0.0,1.0
217, Ben and Jen See The Marriage Certificate ... From Las Vegas Wedding ,,8/1/2022 5:34 PM,2022.0,8.0,1.0,17.0,34.0
218, Chuck E. Cheese Mom Accuses Mouse of Racial Discrimination For Ignoring Kid's High Five ,,8/1/2022 3:33 PM,2022.0,8.0,1.0,15.0,33.0
219, Killer Mike & 2 Chainz Rip ATL City Council Over ‘Nuisance’ Ban ... Don’t Silence the Little Guys!!! ,,8/1/2022 2:33 PM,2022.0,8.0,1.0,14.0,33.0
220, Deshaun Watson Women Org. Rips 6 Game Suspension ... 'Insulting & Dangerous!' ,,8/1/2022 2:32 PM,2022.0,8.0,1.0,14.0,32.0
221, Australia $1.8K McCrackdown on McMuffins ... Passenger Fined for Food in Luggage ,,8/1/2022 1:28 PM,2022.0,8.0,1.0,13.0,28.0
222, Jon Stewart D.C. Shouting Match Over Vet Bill ... Makes Peace Afterward ,,8/1/2022 12:51 PM,2022.0,8.0,1.0,12.0,51.0
223, Lil Durk Taking Time Off to Recover After Explosion on Stage ,,8/1/2022 10:48 AM,2022.0,8.0,1.0,10.0,48.0
224, Beyonce Taking Out Line In 'Renaissance' Album ... Following Ableist Backlash ,,8/1/2022 8:39 AM,2022.0,8.0,1.0,8.0,39.0
225, Drake Tests Positive For Covid-19 ... Young Money w/ Wayne and Nicki POSTPONED!!! ,,8/1/2022 8:37 AM,2022.0,8.0,1.0,8.0,37.0
226, Donald Trump Blasts Brittney Griner For Going To Russia 'Loaded Up With Drugs' ,,8/1/2022 8:14 AM,2022.0,8.0,1.0,8.0,14.0
227," Mystikal Arrested for Rape, DV in Louisiana ",,8/1/2022 7:50 AM,2022.0,8.0,1.0,7.0,50.0
228, Justin Bieber I'm Back!!! Performs for 1st Time Since Paralysis ,,8/1/2022 7:16 AM,2022.0,8.0,1.0,7.0,16.0
229, Johnny-Amber Unsealed Docs Sis Whitney Allegedly Confessed That Amber Had Cut Off His Finger ,,8/1/2022 6:57 AM,2022.0,8.0,1.0,6.0,57.0
230, Pilot Found Dead Exits Plane Midair Without Parachute ... Death Remains Mystery ,,8/1/2022 6:43 AM,2022.0,8.0,1.0,6.0,43.0
231, Elon Musk's Dad I'm Not Proud of My Son ... And He Needs to Lose Weight ,,8/1/2022 6:42 AM,2022.0,8.0,1.0,6.0,42.0
232, Deshaun Watson Suspended Six Games ... Over Sexual Misconduct Allegations ,,8/1/2022 5:57 AM,2022.0,8.0,1.0,5.0,57.0
233," 'Why Don't We' Daniel Seavey Obsessed Fan Breaks Into Home ... Sleeps in His Bed, Puts On His Clothes ",,8/1/2022 1:00 AM,2022.0,8.0,1.0,1.0,0.0
234, 'Vanderpump Rules' Tom and Katie Divorce Tension Captured on Camera ,,8/1/2022 12:40 AM,2022.0,8.0,1.0,0.0,40.0
235," Ex-UDub Star Ben Burr-Kirven Huskies Should Bolt From Pac-12 ... Join Big Ten, Big 12!!! ",,8/1/2022 12:20 AM,2022.0,8.0,1.0,0.0,20.0
236, Machine Gun Kelly Mini-Me Rocks Out Onstage ... Stuns MGK and Crowd!!! ,,8/1/2022 12:10 AM,2022.0,8.0,1.0,0.0,10.0
237, Pop Band 'Hanson' 'Memba Them?! ,,8/1/2022 12:01 AM,2022.0,8.0,1.0,0.0,1.0
238, 'Little Mermaid' Star Pat Carroll Voice of Ursula Dead at 95 ,,7/31/2022 3:36 PM,2022.0,7.0,31.0,15.0,36.0
239, Sylvester Stallone Again Lashes Out at 'Rocky' Producer Over 'Drago' Spin-Off Film ,,7/31/2022 2:47 PM,2022.0,7.0,31.0,14.0,47.0
240, 'WandaVision' Star Elizabeth Olsen Rockin' & Rollin' with Hubby ... At Wild Hearts Tour Stop!!! ,,7/31/2022 2:27 PM,2022.0,7.0,31.0,14.0,27.0
241, Ana de Armas Spanish Accent Picked Apart ... In New Marilyn Trailer ,,7/31/2022 1:26 PM,2022.0,7.0,31.0,13.0,26.0
242, 'Star Trek' Star Nichelle Nichols Dead at 89 ,,7/31/2022 12:22 PM,2022.0,7.0,31.0,12.0,22.0
243," Amber Heard Sells Yucca Valley Home, Over $1 Mil ... Scores Major Profit ",,7/31/2022 11:22 AM,2022.0,7.0,31.0,11.0,22.0
244, NBA Legend & Celtics Great Bill Russell Dead at 88 ,,7/31/2022 10:42 AM,2022.0,7.0,31.0,10.0,42.0
245, Ying Yang Twins D-Roc Collapses on Stage ,,7/31/2022 7:07 AM,2022.0,7.0,31.0,7.0,7.0
246, J Lo Enough Honeymoon Already!!! Performs at Ukrainian Relief Concert ,,7/31/2022 7:00 AM,2022.0,7.0,31.0,7.0,0.0
247," Chris Rock I Got Slapped by Suge Smith ... Take That, Will! ",,7/31/2022 6:22 AM,2022.0,7.0,31.0,6.0,22.0
248, JAYDAYOUNGAN Ambushed By 5 Gunmen ... Dad Details Fatal Shooting ,,7/31/2022 1:00 AM,2022.0,7.0,31.0,1.0,0.0
249," Billy Porter SCOTUS IS COMING FOR GAY MARRIAGE ... Slippery Slope, Clarence!!! ",,7/31/2022 12:50 AM,2022.0,7.0,31.0,0.0,50.0
250, Ric Flair I'm 'Drinking Every Night' Before Final Fight ... I'm No Good Sober!!! ,,7/31/2022 12:40 AM,2022.0,7.0,31.0,0.0,40.0
251, Luci Fang Sink Your Teeth Into Her Hot Shots! ,,7/31/2022 12:30 AM,2022.0,7.0,31.0,0.0,30.0
252, Nicky Champa and Pierre Boo TikTok Couple's Bell Canyon Home ... Hittin' The Market for Lots Of Dough!!! ,,7/31/2022 12:15 AM,2022.0,7.0,31.0,0.0,15.0
253, Celebrity Scramble Guess Who! ,,7/31/2022 12:01 AM,2022.0,7.0,31.0,0.0,1.0
254, Jake Paul Hasim Rahman Jr. Fight Canceled ... Over Weight Issue ,,7/30/2022 5:40 PM,2022.0,7.0,30.0,17.0,40.0
255, Taylor Swift Fan Claim She Donated to Environment Charity??? Likely BS Amid Jet Backlash ,,7/30/2022 3:10 PM,2022.0,7.0,30.0,15.0,10.0
256," Dave Chappelle Tokes Up, Performs with Snoop ... Wifey Likes to Party Too!!! ",,7/30/2022 2:20 PM,2022.0,7.0,30.0,14.0,20.0
257, Kate Bush's 'Wuthering Heights' Fans Gather En Masse to Dance ... All These People in Red!!! ,,7/30/2022 1:18 PM,2022.0,7.0,30.0,13.0,18.0
258, President Biden I Got Covid Again ... After Days of Being Negative ,,7/30/2022 12:25 PM,2022.0,7.0,30.0,12.0,25.0
259, Arnold Schwarzenegger Shout-Out to My Late Mother ... Day Before My 75th Bday!!! ,,7/30/2022 11:55 AM,2022.0,7.0,30.0,11.0,55.0
260, Drake Brings Out Nelly Furtado at OVO Fest ... Crowd Loses It ,,7/30/2022 11:02 AM,2022.0,7.0,30.0,11.0,2.0
261, Ivana Trump Pics of Gravesite Go Viral ... Bare at DT's Golf Course ,,7/30/2022 10:33 AM,2022.0,7.0,30.0,10.0,33.0
262, China Rocket Debris Expected To Rain Down On Earth ... AGAIN!!! ,,7/30/2022 9:34 AM,2022.0,7.0,30.0,9.0,34.0
263, NY Gov. Hochul Orders Disaster Emergency ... As Monkeypox Cases Keep Stacking Up ,,7/30/2022 8:01 AM,2022.0,7.0,30.0,8.0,1.0
264, Mega Millions Lottery Single Winner Snags $1.28 BILLION!!! ,,7/30/2022 7:07 AM,2022.0,7.0,30.0,7.0,7.0
265, Bill Maher Drags Elon for Celebrating Population Explosion ... Just an Excuse Not to Wear a Condom!!! ,,7/30/2022 6:24 AM,2022.0,7.0,30.0,6.0,24.0
266, Britney Spears My Book is Done!!! ... But There's No Paper to Print it On!!! ,,7/30/2022 1:00 AM,2022.0,7.0,30.0,1.0,0.0
267," IG Model Gena Tew AIDS Has Taken Away My Mobility, Left Me Blind in One Eye ",,7/30/2022 12:55 AM,2022.0,7.0,30.0,0.0,55.0
268, Stars and Scars You Be the judge ,,7/30/2022 12:50 AM,2022.0,7.0,30.0,0.0,50.0
269, Congressman Colin Allred U.S. Made Russia 'A Very Good Offer' For Brittney Griner ... 'I Think It's Going To Get Done' ,,7/30/2022 12:45 AM,2022.0,7.0,30.0,0.0,45.0
270, July 2022 Hot Shots Bae Watch Alert! ,,7/30/2022 12:30 AM,2022.0,7.0,30.0,0.0,30.0
271, HEROIC PIZZA DELIVERY GUY I'm NASCAR's Special Guest ... Catch Me At The Brickyard!!! ,,7/30/2022 12:20 AM,2022.0,7.0,30.0,0.0,20.0
272, Polo G Roughed Up During 2021 Miami Arrest ... 'They Are Trying To Lynch Me!!!' ,,7/30/2022 12:10 AM,2022.0,7.0,30.0,0.0,10.0
273, What's The Big Frigin' Difference?! ,,7/30/2022 12:01 AM,2022.0,7.0,30.0,0.0,1.0
274, Jimmy Sohns 'G-L-O-R-I-A' Singer Dead at 75 ,,7/29/2022 5:29 PM,2022.0,7.0,29.0,17.0,29.0
275, Jennifer Lopez Rehearsing For Capri Concert ... Charity Event For Ukraine ,,7/29/2022 5:07 PM,2022.0,7.0,29.0,17.0,7.0
276," DJ Khaled & 'Pee' Thomas Yes, We're Millionaires ... But $1.2 Bil Lottos Don't Come Often!!! ",,7/29/2022 4:27 PM,2022.0,7.0,29.0,16.0,27.0
277, Beyonce Album Looks High Fashion From B’Day to Lemonade And Now Renaissance!!! ,,7/29/2022 3:41 PM,2022.0,7.0,29.0,15.0,41.0
278, Netflix Sues Barlow & Bear for Musical ... Thou Hath Stolen Our 'Bridgerton!!!' ,,7/29/2022 2:29 PM,2022.0,7.0,29.0,14.0,29.0
279, Shakira Prosecutors Want Her To Serve 8-Year Prison Sentence ... In Tax Fraud Case ,,7/29/2022 1:51 PM,2022.0,7.0,29.0,13.0,51.0
280, Top H.S. Recruit Aidan Mizell Commits To Florida ... Brings Out Gators For Ceremony!!! ,,7/29/2022 12:25 PM,2022.0,7.0,29.0,12.0,25.0
281," Jennifer Lopez Gets a Lift, Grabs a Bite in Capri While Ben Hangs in L.A. ",,7/29/2022 11:51 AM,2022.0,7.0,29.0,11.0,51.0
282," Taylor Swift, Kim K, Blake Shelton Celebs Flyin' Private ... Leaving Huge Carbon Footprint!!! ",,7/29/2022 10:47 AM,2022.0,7.0,29.0,10.0,47.0
283, Rev. Jesse Jackson Sends Letter to Sesame Place ... Ideas to End Racial Discrimination ,,7/29/2022 10:18 AM,2022.0,7.0,29.0,10.0,18.0
284, Tyga Sorry for Mocking Mexican-Americans Takes Down Offensive Video ,,7/29/2022 10:16 AM,2022.0,7.0,29.0,10.0,16.0
285, Shanna Moakler All Smiles At Dave & Buster's With BF... Hours After Domestic Violence Call ,,7/29/2022 8:14 AM,2022.0,7.0,29.0,8.0,14.0
286, Dua Lipa Apologizes for Fireworks Inside Concert ... New Video Shows the Terror ,,7/29/2022 7:39 AM,2022.0,7.0,29.0,7.0,39.0
287, Will Smith 'I Am Deeply Remorseful' For Slapping Chris Rock ,,7/29/2022 7:28 AM,2022.0,7.0,29.0,7.0,28.0
288," Beyonce 'Renaissance' is Here, S/O Beyhive!!! Thanks for 'Love & Protection' Over Leak ",,7/29/2022 7:18 AM,2022.0,7.0,29.0,7.0,18.0
289, Supreme Court Justice Alito Mocks Prince Harry For Bashing Decision overturning Roe v. Wade ,,7/29/2022 6:49 AM,2022.0,7.0,29.0,6.0,49.0
290, Bob Dylan Accuser Drops Sex Abuse Suit ,,7/29/2022 6:36 AM,2022.0,7.0,29.0,6.0,36.0
291, Jeff Ross Jon Stewart Feels the Pain of Veterans ... He Really Should Run for Prez!!! ,,7/29/2022 6:31 AM,2022.0,7.0,29.0,6.0,31.0
292, Ukraine Prez Volodymyr Zelensky Strong Support For Vogue Shoot ... From Ukrainian Relief Orgs ,,7/29/2022 1:00 AM,2022.0,7.0,29.0,1.0,0.0
293, Jeff Bezos' Parents Buy MORE Real Estate ... Real Housewife's $44 Mil FL Mansion!!! ,,7/29/2022 12:30 AM,2022.0,7.0,29.0,0.0,30.0
294, Jon Stewart Calls BS on Ted Cruz ... You're Lying About the Vet Bill!!! ,,7/29/2022 12:20 AM,2022.0,7.0,29.0,0.0,20.0
295, Ric Flair On Vince McMahon's WWE Retirement: ... 'I Hate It' ,,7/29/2022 12:10 AM,2022.0,7.0,29.0,0.0,10.0
296, Guess Who This Georgia Peach Turned Into! ,,7/29/2022 12:01 AM,2022.0,7.0,29.0,0.0,1.0
297, Shanna Moakler Cops Respond to 'Domestic Disturbance' Call ,,7/28/2022 6:31 PM,2022.0,7.0,28.0,18.0,31.0
298, Monkey Attacks Terrorizing Japanese City ... Trying to Snatch Human Babies!!! ,,7/28/2022 6:20 PM,2022.0,7.0,28.0,18.0,20.0
299," Candace Cameron Bure Vs. JoJo Siwa Daughter Rips JoJo ... Photo Snub's No Biggie, Grow Up!!! ",,7/28/2022 5:53 PM,2022.0,7.0,28.0,17.0,53.0
300, 'Long Island Medium' Theresa Defends Buying 5-Month-Old Granddaughter Gucci Bag ... Cutest Binki Holder Ever!!! ,,7/28/2022 4:19 PM,2022.0,7.0,28.0,16.0,19.0
301, Dwight Howard Crashes WWE Tryout ... Cuts Epic Promo!! ,,7/28/2022 3:36 PM,2022.0,7.0,28.0,15.0,36.0
302," Joey Badass Fans Gotta Chill, Chris Brown Has My Respect And Delta Can Too, IF ... ",,7/28/2022 3:33 PM,2022.0,7.0,28.0,15.0,33.0
303, Report: Zion Williamson Weight Clause In New Contract Could Lose Guaranteed $$$ ,,7/28/2022 2:58 PM,2022.0,7.0,28.0,14.0,58.0
304, Beyoncé Catches R&Beef From Kelis!!! Claims Sample Was Stolen ,,7/28/2022 1:41 PM,2022.0,7.0,28.0,13.0,41.0
305, Mike Evans Unveils New Harry Potter Tattoo 'But I Am The Chosen One' ,,7/28/2022 12:19 PM,2022.0,7.0,28.0,12.0,19.0
306, Lamar Odom My Social Media's Been Highjacked ... Old Manager Costing Me $$ ,,7/28/2022 12:00 PM,2022.0,7.0,28.0,12.0,0.0
307, Jon Stewart Obliterates GOP for Blocking Vet Bill ... 'Sen. Toomey Is a F***ing Coward' ,,7/28/2022 10:26 AM,2022.0,7.0,28.0,10.0,26.0
308," Aniston, Kimmel & Bateman A-List Vacay Pals Return to L.A.!!! Back from the Bahamas ",,7/28/2022 9:05 AM,2022.0,7.0,28.0,9.0,5.0
309," Hong Kong Concert Video Monitor Falls, Crushing Dancers Below ",,7/28/2022 9:01 AM,2022.0,7.0,28.0,9.0,1.0
310, Dua Lipa Fans Light Fireworks Inside Arena ... Cops Investigating ,,7/28/2022 8:45 AM,2022.0,7.0,28.0,8.0,45.0
311," Johnny Depp Oui, We Love You!!! Fans Swarm in Paris ",,7/28/2022 6:45 AM,2022.0,7.0,28.0,6.0,45.0
312, Sesame Place $25 Million Class Action Suit Claiming Racism ,,7/28/2022 6:43 AM,2022.0,7.0,28.0,6.0,43.0
313," Gwenyth Paltrow Hey Hailey, I f***ed your Father!!! ... True Bathroom Humor ",,7/28/2022 6:23 AM,2022.0,7.0,28.0,6.0,23.0
314, Michael Savarino Coach K's Grandson ... Pleads Guilty To DWI ,,7/28/2022 6:16 AM,2022.0,7.0,28.0,6.0,16.0
315, Angie Everhart Accused of Egging Neighbor's Apartment Cops Called to Scene ,,7/28/2022 1:00 AM,2022.0,7.0,28.0,1.0,0.0
316, Tichina Arnold Divorce Finalized ... I'm Finally Single!!! ,,7/28/2022 12:30 AM,2022.0,7.0,28.0,0.0,30.0
317, 'Love & Marriage' Melody Shari Ex Martell Holt Hasn't Changed ... He's Still Disrespectful!!! ,,7/28/2022 12:20 AM,2022.0,7.0,28.0,0.0,20.0
318, Wrestling Star Hornswoggle Defends Jerry Jones' M-Word Use 'Didn't Need To Apologize' ,,7/28/2022 12:10 AM,2022.0,7.0,28.0,0.0,10.0
319, Kendall & Kylie's Nanny In Season 1 of 'KUWTK' 'Memba Her?! ,,7/28/2022 12:01 AM,2022.0,7.0,28.0,0.0,1.0
320, JayDaYoungan Shot and Killed Outside Home ,,7/27/2022 8:46 PM,2022.0,7.0,27.0,20.0,46.0
321, Mike Tyson Using Cane To Get Around ... But I'm OK!!! ,,7/27/2022 3:56 PM,2022.0,7.0,27.0,15.0,56.0
322," Britney Spears Will Not Be Deposed, Judge Rules ",,7/27/2022 3:26 PM,2022.0,7.0,27.0,15.0,26.0
323, Jeff Bezos Parents Buy $34M Mega Mansion in FL ,,7/27/2022 3:01 PM,2022.0,7.0,27.0,15.0,1.0
324, Joey Chestnut Downs 44 Cane's Chicken Fingers In Five Minutes!!! ... World Record ,,7/27/2022 2:06 PM,2022.0,7.0,27.0,14.0,6.0
325, Brittney Griner I Flew To Russia Despite Travel Warning ... So I Could Help My Team ,,7/27/2022 1:06 PM,2022.0,7.0,27.0,13.0,6.0
326, Tony Dow 'Leave It To Beaver' Star Dead At 77 ,,7/27/2022 12:27 PM,2022.0,7.0,27.0,12.0,27.0
327, Beyoncé ‘Renaissance’ Album Leak Beyhive Says Not So Fast!!! ,,7/27/2022 12:02 PM,2022.0,7.0,27.0,12.0,2.0
328, Ukrainian Prez Volodymyr Zelensky Dragged Over Vogue Cover Shoot with Wife ,,7/27/2022 10:15 AM,2022.0,7.0,27.0,10.0,15.0
329, GEORGE FLOYD'S DEATH Former Cops Get Prison Time ... For Violating His Civil Rights ,,7/27/2022 10:14 AM,2022.0,7.0,27.0,10.0,14.0
330, Kanye West Gifts A$AP Bari New Maybach… Days After He Wrecked His Old One!!! ,,7/27/2022 8:18 AM,2022.0,7.0,27.0,8.0,18.0
331, Norman Lear Singin' 'That's Amore' At 100 ... The Miracle of Being Alive!!! ,,7/27/2022 8:14 AM,2022.0,7.0,27.0,8.0,14.0
332, Jamie Foxx Wild Sing-along on Italian Vacay ... 'I'm Jamie Motherf***ing Foxx!!!' ,,7/27/2022 8:02 AM,2022.0,7.0,27.0,8.0,2.0
333, 'Top Chef' Star Howard Kleinberg Dead at 46 ,,7/27/2022 7:39 AM,2022.0,7.0,27.0,7.0,39.0
334, Shawn Mendes Cancels Tour ... For Mental Health Break ,,7/27/2022 7:17 AM,2022.0,7.0,27.0,7.0,17.0
335, Mama June Honey Boo Boo Too Young For Gastric Sleeve!!! ,,7/27/2022 1:00 AM,2022.0,7.0,27.0,1.0,0.0
336, Britney Spears Lawyer Doubles Down ... She Won't Sit for Depo or Testify at Trial,,7/26/2022 4:31 PM,2022.0,7.0,26.0,16.0,31.0
337, Jerry Jones Apologizes For Derogatory Term ... At Cowboys Camp ,,7/26/2022 4:23 PM,2022.0,7.0,26.0,16.0,23.0
338, Buzz Aldrin Apollo 11 Jacket Sells For $2.7 Mil ... Space Artifact Record!!!,,7/26/2022 4:17 PM,2022.0,7.0,26.0,16.0,17.0
339, Donald Trump Protesters Flood Hotel ... For 1st Speech Back in D.C. Since Jan. 6,,7/26/2022 3:27 PM,2022.0,7.0,26.0,15.0,27.0
340, Kevin Hart Shames Ex-NFLer Over Nudist Colony Hobby With Wife ... 'You Hear Whatchu Sayin'!?!',,7/26/2022 2:27 PM,2022.0,7.0,26.0,14.0,27.0
341, Jim Harbaugh I'm Willing To Raise My Players' Baby ... If Pregnancy Unplanned,,7/26/2022 10:04 AM,2022.0,7.0,26.0,10.0,4.0
342, 'RHONY' Star Sonja Morgan Lists NYC Townhouse ... Let's Try This Again!!!,,7/26/2022 9:50 AM,2022.0,7.0,26.0,9.0,50.0
343, Tony Dow 'Leave it to Beaver' Star Still Alive ... Despite Facebook Death Post,,7/26/2022 8:56 AM,2022.0,7.0,26.0,8.0,56.0
344, Helicopter Tragedy Man Dies Walking into Blades ... Cops Fear He Was Attempting Selfie,,7/26/2022 6:58 AM,2022.0,7.0,26.0,6.0,58.0
345, California Soccer Player Dies Following In-Game Brawl ... Involving Players & Fans,,7/26/2022 6:53 AM,2022.0,7.0,26.0,6.0,53.0
346, Lana Del Rey Gets TRO Against Alleged Stalker ... He Stole My Car!!!,,7/26/2022 6:37 AM,2022.0,7.0,26.0,6.0,37.0
347, Taco Bell Employee Allegedly Throws Boiling Hot Water at Customers,,7/26/2022 6:27 AM,2022.0,7.0,26.0,6.0,27.0
348, Brittney Griner Sends Message To Wife In Court ... 'Good Luck On The Bar Exam',,7/26/2022 6:13 AM,2022.0,7.0,26.0,6.0,13.0
349, PetSmart Sued Your Groomers Killed My Dog!!!,,7/26/2022 1:00 AM,2022.0,7.0,26.0,1.0,0.0
350, 'RHOA' STAR SHEREE WHITFIELD Dating Martell Holt ... From 'Love & Marriage Huntsville',,7/26/2022 12:50 AM,2022.0,7.0,26.0,0.0,50.0
351, 'SHAHS OF SUNSET' Mike CHARGED WITH DOMESTIC VIOLENCE,,7/26/2022 12:40 AM,2022.0,7.0,26.0,0.0,40.0
352,,,,,,,,
